Ralph_Lauren,Uniqlo,Zara
N/A,https://image.uniqlo.com/UQ/ST3/us/imagesgoods/465185/item/usgoods_00_465185_3x4.jpg?width=300,N/A
N/A,https://image.uniqlo.com/UQ/ST3/us/imagesgoods/469756/item/usgoods_09_469756_3x4.jpg?width=300,N/A
N/A,https://image.uniqlo.com/UQ/ST3/us/imagesgoods/469896/item/usgoods_67_469896_3x4.jpg?width=300,N/A
N/A,https://image.uniqlo.com/UQ/ST3/us/imagesgoods/469844/item/usgoods_03_469844_3x4.jpg?width=300,N/A
N/A,https://image.uniqlo.com/UQ/ST3/us/imagesgoods/449753/item/usgoods_34_449753_3x4.jpg?width=300,N/A
N/A,https://image.uniqlo.com/UQ/ST3/us/imagesgoods/465734/item/usgoods_09_465734_3x4.jpg?width=300,N/A
N/A,https://image.uniqlo.com/UQ/ST3/us/imagesgoods/424873/item/usgoods_31_424873_3x4.jpg?width=300,N/A
N/A,https://image.uniqlo.com/UQ/ST3/us/imagesgoods/469869/item/usgoods_52_469869_3x4.jpg?width=300,N/A
N/A,https://image.uniqlo.com/UQ/ST3/WesternCommon/imagesgoods/470736/item/goods_15_470736_3x4.jpg?width=300,N/A
N/A,https://image.uniqlo.com/UQ/ST3/us/imagesgoods/470145/item/usgoods_57_470145_3x4.jpg?width=300,N/A
N/A,https://image.uniqlo.com/UQ/ST3/us/imagesgoods/444967/item/usgoods_05_444967_3x4.jpg?width=300,N/A
N/A,https://image.uniqlo.com/UQ/ST3/us/imagesgoods/469870/item/usgoods_59_469870_3x4.jpg?width=300,N/A
N/A,https://image.uniqlo.com/UQ/ST3/us/imagesgoods/469897/item/usgoods_18_469897_3x4.jpg?width=300,N/A
N/A,https://image.uniqlo.com/UQ/ST3/us/imagesgoods/459792/item/usgoods_03_459792_3x4.jpg?width=300,N/A
N/A,https://image.uniqlo.com/UQ/ST3/us/imagesgoods/460407/item/usgoods_09_460407_3x4.jpg?width=300,N/A
N/A,https://image.uniqlo.com/UQ/ST3/WesternCommon/imagesgoods/470015/item/goods_25_470015_3x4.jpg?width=300,N/A
N/A,https://image.uniqlo.com/UQ/ST3/us/imagesgoods/470143/item/usgoods_10_470143_3x4.jpg?width=300,N/A
N/A,https://image.uniqlo.com/UQ/ST3/us/imagesgoods/442063/item/usgoods_32_442063_3x4.jpg?width=300,N/A
N/A,https://image.uniqlo.com/UQ/ST3/us/imagesgoods/469428/item/usgoods_73_469428_3x4.jpg?width=300,N/A
N/A,https://image.uniqlo.com/UQ/ST3/us/imagesgoods/450195/item/usgoods_54_450195_3x4.jpg?width=300,N/A
N/A,https://image.uniqlo.com/UQ/ST3/us/imagesgoods/469864/item/usgoods_30_469864_3x4.jpg?width=300,N/A
N/A,https://image.uniqlo.com/UQ/ST3/us/imagesgoods/471601/item/usgoods_30_471601_3x4.jpg?width=300,N/A
N/A,https://image.uniqlo.com/UQ/ST3/us/imagesgoods/465193/item/usgoods_30_465193_3x4.jpg?width=300,N/A
N/A,https://image.uniqlo.com/UQ/ST3/us/imagesgoods/469862/item/usgoods_32_469862_3x4.jpg?width=300,N/A
N/A,https://image.uniqlo.com/UQ/ST3/us/imagesgoods/469871/item/usgoods_30_469871_3x4.jpg?width=300,N/A
N/A,https://image.uniqlo.com/UQ/ST3/WesternCommon/imagesgoods/461053/item/goods_58_461053_3x4.jpg?width=300,N/A
N/A,https://image.uniqlo.com/UQ/ST3/us/imagesgoods/470173/item/usgoods_52_470173_3x4.jpg?width=300,N/A
N/A,https://image.uniqlo.com/UQ/ST3/us/imagesgoods/444966/item/usgoods_53_444966_3x4.jpg?width=300,N/A
N/A,https://image.uniqlo.com/UQ/ST3/us/imagesgoods/469872/item/usgoods_31_469872_3x4.jpg?width=300,N/A
N/A,https://image.uniqlo.com/UQ/ST3/us/imagesgoods/471279/item/usgoods_35_471279_3x4.jpg?width=300,N/A
N/A,N/A,N/A
N/A,N/A,N/A
N/A,N/A,N/A
N/A,N/A,N/A
N/A,N/A,N/A
N/A,N/A,N/A
N/A,N/A,N/A
N/A,N/A,N/A
N/A,N/A,N/A
N/A,N/A,N/A
N/A,N/A,N/A
N/A,N/A,N/A
N/A,N/A,N/A
N/A,N/A,N/A
N/A,N/A,N/A
N/A,N/A,N/A
N/A,N/A,N/A
N/A,N/A,N/A
N/A,N/A,N/A
N/A,N/A,N/A
N/A,N/A,N/A
N/A,N/A,N/A
N/A,N/A,N/A
N/A,N/A,N/A
N/A,N/A,N/A
N/A,N/A,N/A
N/A,N/A,N/A
N/A,N/A,N/A
N/A,N/A,N/A
N/A,N/A,N/A
N/A,N/A,N/A
N/A,N/A,N/A
N/A,N/A,N/A
N/A,N/A,N/A
N/A,N/A,N/A
N/A,N/A,N/A
N/A,N/A,N/A
N/A,N/A,N/A
N/A,N/A,N/A
N/A,N/A,N/A
N/A,N/A,N/A
N/A,N/A,N/A
N/A,N/A,N/A
N/A,N/A,N/A
N/A,N/A,N/A
N/A,N/A,N/A
N/A,N/A,N/A
N/A,N/A,N/A
N/A,N/A,N/A
N/A,N/A,N/A
N/A,N/A,N/A
N/A,N/A,N/A
N/A,N/A,N/A
N/A,N/A,N/A
N/A,N/A,N/A
N/A,N/A,N/A
N/A,N/A,N/A
N/A,N/A,N/A
N/A,N/A,N/A
N/A,N/A,N/A
N/A,N/A,N/A
N/A,N/A,N/A
